,PCA1,PCA2,PCA3
price_change_percentage_24h,-0.43793626686169773,-0.14691159084556912,-0.3670808130307115
price_change_percentage_7d,-0.3461436537115866,0.08112305419613622,0.5890426066394274
price_change_percentage_14d,-0.4347637255032556,0.3140752403470953,0.11215521192147482
price_change_percentage_30d,-0.262152626063473,0.4688538943480894,-0.3060889038457566
price_change_percentage_60d,-0.06828236332053272,0.49204635443068423,-0.4082997491358045
price_change_percentage_200d,0.2949110255058657,0.5034347375878282,0.11239528385511999
price_change_percentage_1y,0.38455800605142926,0.3864286321557216,0.30053769598715674
crypto_cluster,-0.4371876561308407,0.09211713217564589,0.37728899263428106
